{"d0": [0.32071986188534907, 14.672988625364459], "d1": [10.846831630057935, 11.669277845013323], "d2": [13.259296203538057, 13.187585646205362], "d3": [1.3346453620642684, 14.537689985056023], "d4": [7.148269754907995, 10.357193920421885]}