{"t0": [14.513450562054613, 0.5955569476455852], "t1": [9.791490247412579, 2.101919461468669], "t2": [3.7406322099248905, 13.41017817076394], "t3": [11.341014390688766, 14.915754659746941], "t4": [1.9734790589516404, 4.320642447085253]}